{
    "stat": {
        "cpu_cycles_cgstart": 12740918232949,
        "ru_self_cgstart": {
            "ru_utime_sec": 0.41333999999999999,
            "ru_stime_sec": 1.2124649999999999,
            "ru_maxrss_kb": 116272,
            "ru_minflt": 10180,
            "ru_nvcsw": 1007,
            "ru_majflt": 1321,
            "ru_nivcsw": 66
        },
        "totalObjSize": 813906,
        "nQuads": 28041,
        "Frontend(%)": 50.37325422115493,
        "ru_childs_cgstart": {
            "ru_utime_sec": 0.0036770000000000001,
            "ru_stime_sec": 0.45355299999999998,
            "ru_maxrss_kb": 116272,
            "ru_minflt": 3230,
            "ru_nvcsw": 231,
            "ru_majflt": 266,
            "ru_nivcsw": 11
        },
        "nMops": 95776,
        "mop/quad": 3.4155700581291679,
        "ru_self_end": {
            "ru_utime_sec": 0.82210700000000003,
            "ru_stime_sec": 1.3121050000000001,
            "ru_maxrss_kb": 129748,
            "ru_minflt": 12630,
            "ru_nvcsw": 1079,
            "ru_majflt": 1413,
            "ru_nivcsw": 73
        },
        "CodeGen(%)": 49.626745778845063,
        "ru_childs_end": {
            "ru_utime_sec": 0.0057470000000000004,
            "ru_stime_sec": 0.45355299999999998,
            "ru_maxrss_kb": 116272,
            "ru_minflt": 3452,
            "ru_nvcsw": 232,
            "ru_majflt": 266,
            "ru_nivcsw": 11
        },
        "cpu_cycles_end": 12743021705336,
        "quadSpeed": 68253.346217599683,
        "realTime": 5.6698520183563232,
        "cpu_cycles_total": 13942604235,
        "mopSpeed": 233124.08570795716,
        "outputSizePerQuad": 29.025569701508505,
        "peak_mem_kb": 230684
    },
    "cycles_program_begin": 12729079101101,
    "PrevCompiledModules": {
        "rram_width_reducer": {
            "FQvLa_d": {
                "mod": "rram_width_reducer",
                "bytes": 66704,
                "mode": 4,
                "checksum": 0,
                "archive": "archive.6/_prev_archive_1.a",
                "out": "FQvLa_d.o"
            }
        },
        "sdma_wdata_mux": {
            "mPcN3_d": {
                "mod": "sdma_wdata_mux",
                "bytes": 13102,
                "mode": 4,
                "checksum": 0,
                "archive": "archive.6/_prev_archive_1.a",
                "out": "mPcN3_d.o"
            }
        },
        "rram_addr_cyc_align": {
            "RUgB9_d": {
                "mod": "rram_addr_cyc_align",
                "bytes": 12912,
                "mode": 4,
                "checksum": 0,
                "archive": "archive.6/_prev_archive_1.a",
                "out": "RUgB9_d.o"
            }
        },
        "sdma_rdata_mux": {
            "jRB5p_d": {
                "mod": "sdma_rdata_mux",
                "bytes": 12594,
                "mode": 4,
                "checksum": 0,
                "archive": "archive.6/_prev_archive_1.a",
                "out": "jRB5p_d.o"
            }
        },
        "sdma_addr_mux": {
            "jS7kD_d": {
                "mod": "sdma_addr_mux",
                "bytes": 36048,
                "mode": 4,
                "checksum": 0,
                "archive": "archive.6/_prev_archive_1.a",
                "out": "jS7kD_d.o"
            }
        },
        "TB_sdma_top": {
            "xLhdt_d": {
                "mod": "TB_sdma_top",
                "bytes": 409150,
                "mode": 4,
                "checksum": 0,
                "archive": "archive.6/_3658_archive_1.a",
                "out": "xLhdt_d.o"
            }
        },
        "std": {
            "reYIK_d": {
                "mod": "std",
                "bytes": 43000,
                "mode": 4,
                "checksum": 0,
                "archive": "archive.6/_prev_archive_1.a",
                "out": "reYIK_d.o"
            }
        },
        "sdma_sap_upsample_indicator": {
            "pLsxN_d": {
                "mod": "sdma_sap_upsample_indicator",
                "bytes": 12116,
                "mode": 4,
                "checksum": 0,
                "archive": "archive.6/_prev_archive_1.a",
                "out": "pLsxN_d.o"
            }
        },
        "rram_addr_demux": {
            "BaTh1_d": {
                "mod": "rram_addr_demux",
                "bytes": 46622,
                "mode": 4,
                "checksum": 0,
                "archive": "archive.6/_prev_archive_1.a",
                "out": "BaTh1_d.o"
            }
        },
        "sdma_sap_padding_indicator": {
            "hvV9P_d": {
                "mod": "sdma_sap_padding_indicator",
                "bytes": 42814,
                "mode": 4,
                "checksum": 0,
                "archive": "archive.6/_prev_archive_1.a",
                "out": "hvV9P_d.o"
            }
        },
        "rram_ahb_mem": {
            "HMuSC_d": {
                "mod": "rram_ahb_mem",
                "bytes": 134042,
                "mode": 4,
                "checksum": 0,
                "archive": "archive.6/_prev_archive_1.a",
                "out": "HMuSC_d.o"
            }
        },
        "sdma_ready_mux": {
            "NyyYa_d": {
                "mod": "sdma_ready_mux",
                "bytes": 11392,
                "mode": 4,
                "checksum": 0,
                "archive": "archive.6/_prev_archive_1.a",
                "out": "NyyYa_d.o"
            }
        },
        "...MASTER...": {
            "amcQw_d": {
                "mod": "...MASTER...",
                "bytes": 7832,
                "mode": 4,
                "checksum": 0,
                "out": "objs/amcQw_d.o"
            }
        },
        "sdma_data_path": {
            "gx7jk_d": {
                "mod": "sdma_data_path",
                "bytes": 266566,
                "out": "gx7jk_d.o",
                "mode": 4,
                "checksum": 0,
                "archive": "archive.6/_3658_archive_1.a"
            }
        }
    },
    "CompileProcesses": [
        "cgproc.3658.json"
    ],
    "perf": [
        {
            "stat": [
                "main",
                "entry",
                1.0243580341339111,
                0.038300000000000001,
                0.54167799999999999,
                200716,
                200716,
                0.0,
                0.0,
                1744023860.080195,
                12729085497457
            ],
            "sub": [
                {
                    "stat": [
                        "doParsingAndDesignResolution",
                        "entry",
                        1.4070019721984863,
                        0.048934999999999999,
                        0.61984600000000001,
                        209696,
                        210496,
                        0.0,
                        0.0,
                        1744023860.4628389,
                        12730233312016
                    ],
                    "sub": []
                },
                {
                    "stat": [
                        "doParsingAndDesignResolution",
                        "exit",
                        2.4461591243743896,
                        0.092066999999999996,
                        0.94054400000000005,
                        213456,
                        214104,
                        0.0,
                        0.0,
                        1744023861.501996,
                        12733350806151
                    ],