{
    "stat": {
        "ru_self_end": {
            "ru_nivcsw": 59,
            "ru_utime_sec": 0.50354200000000005,
            "ru_stime_sec": 0.036101000000000001,
            "ru_maxrss_kb": 130700,
            "ru_nvcsw": 22,
            "ru_minflt": 13453,
            "ru_majflt": 0
        },
        "cpu_cycles_end": 840382434737456,
        "ru_childs_end": {
            "ru_nivcsw": 1,
            "ru_utime_sec": 0.018093999999999999,
            "ru_stime_sec": 0.0025990000000000002,
            "ru_maxrss_kb": 117136,
            "ru_nvcsw": 19,
            "ru_minflt": 3627,
            "ru_majflt": 0
        },
        "peak_mem_kb": 230664
    },
    "Modules": {
        "...MASTER...": {
            "start_perf": [
                0.30380511283874512,
                0.27647300000000002,
                0.032302999999999998,
                228720,
                230404,
                1744445418.911628,
                840381737366041
            ],
            "child_modules": {
                "std": 1,
                "TB_sdma_top": 1
            },
            "end_perf": [
                0.30624508857727051,
                0.27744000000000002,
                0.032302999999999998,
                228720,
                230404,
                840381744644031,
                0,
                0
            ],
            "nQuads": 0,
            "nMops": 0,
            "nRouts": 5
        },
        "sdma_ready_mux": {
            "start_perf": [
                0.3474421501159668,
                0.31855,
                0.032302999999999998,
                228720,
                230404,
                1744445418.955265,
                840381868288033
            ],
            "child_modules": {},
            "nQuads": 174,
            "Compiled": "Yes",
            "Compiled Times": 11,
            "end_perf": [
                0.34844613075256348,
                0.319554,
                0.032302999999999998,
                228720,
                230404,
                840381871250261,
                55834574849,
                0
            ],
            "nMops": 259,
            "nRouts": 24
        },
        "rram_ahb_mem": {
            "start_perf": [
                0.51408505439758301,
                0.48135600000000001,
                0.036101000000000001,
                230664,
                230664,
                1744445419.1219079,
                840382368148807
            ],
            "child_modules": {},
            "nQuads": 3545,
            "Compiled": "Yes",
            "Compiled Times": 11,
            "end_perf": [
                0.53085613250732422,
                0.49810700000000002,
                0.036101000000000001,
                230664,
                230664,
                840382418513959,
                115964116993,
                0
            ],
            "nMops": 10201,
            "nRouts": 312
        },
        "std": {
            "start_perf": [
                0.30634498596191406,
                0.27754000000000001,
                0.032302999999999998,
                228720,
                230404,
                1744445418.9141679,
                840381745000134
            ],
            "child_modules": {},
            "Compiled": "Yes",
            "nQuads": 218,
            "Compiled Times": 11,
            "svclass": [
                "$vcs_nba_dyn_obj",
                0,
                35,
                2,
                2,
                0,
                "sigprop$$",
                0,
                35,
                2,
                2,
                0,
                "process",
                0,
                200,
                8,
                8,
                0,
                "event",
                0,
                34,
                2,
                2,
                0,
                "mailbox",
                0,
                140,
                9,
                9,
                0,
                "semaphore",
                0,
                84,
                5,
                5,
                0
            ],
            "end_perf": [
                0.30898809432983398,
                0.28018100000000001,
                0.032302999999999998,
                228720,
                230404,
                840381752893324,
                8589934594,
                0
            ],
            "nMops": 528,
            "nRouts": 33
        },
        "sdma_sap_padding_indicator": {
            "start_perf": [
                0.33767104148864746,
                0.30884,
                0.032302999999999998,
                228720,
                230404,
                1744445418.9454939,
                840381838896563
            ],
            "child_modules": {},
            "nQuads": 848,
            "Compiled": "Yes",
            "Compiled Times": 11,
            "end_perf": [
                0.34277915954589844,
                0.31389299999999998,
                0.032302999999999998,
                228720,
                230404,
                840381854270001,
                38654705665,
                0
            ],
            "nMops": 4637,
            "nRouts": 36
        },
        "sdma_addr_mux": {
            "start_perf": [
                0.3439180850982666,
                0.31503399999999998,
                0.032302999999999998,
                228720,
                230404,
                1744445418.951741,
                840381857637836
            ],
            "child_modules": {},
            "nQuads": 638,
            "Compiled": "Yes",
            "Compiled Times": 11,
            "end_perf": [
                0.34740400314331055,
                0.31851200000000002,
                0.032302999999999998,
                228720,
                230404,
                840381868157648,
                51539607553,
                0
            ],
            "nMops": 3283,
            "nRouts": 75
        },
        "rram_addr_cyc_align": {
            "start_perf": [
                0.36828207969665527,
                0.33937600000000001,
                0.032302999999999998,
                228720,
                230404,
                1744445418.976105,
                840381930733112
            ],
            "child_modules": {},
            "nQuads": 143,
            "Compiled": "Yes",
            "Compiled Times": 11,
            "end_perf": [
                0.36974406242370605,
                0.340837,
                0.032302999999999998,
                228720,
                230404,
                840381935145479,
                77309411329,
                0
            ],
            "nMops": 427,
            "nRouts": 20
        },
        "sdma_data_path": {
            "start_perf": [
                0.30902504920959473,
                0.28022000000000002,
                0.032302999999999998,
                228720,
                230404,
                1744445418.9168479,
                840381752959588
            ],
            "child_modules": {},
            "nQuads": 7753,
            "Compiled": "Yes",
            "Compiled Times": 11,
            "end_perf": [
                0.3376309871673584,
                0.30879800000000002,
                0.032302999999999998,
                228720,
                230404,
                840381838840442,
                30064771073,
                0
            ],
            "nMops": 24449,
            "nRouts": 247
        },