{
    "ObjArchives": [
        {
            "archive": "archive.6/_3658_archive_1.a",
            "objects": [
                [
                    "gx7jk_d.o",
                    266566
                ],
                [
                    "xLhdt_d.o",
                    415968
                ],
                [
                    "amcQwB.o",
                    131372
                ]
            ],
            "size": 813906
        }
    ],
    "Modules": {
        "std": {
            "end_perf": [
                5.1347610950469971,
                0.421234,
                1.216045,
                228740,
                230424,
                12741416595735,
                8589934594,
                0
            ],
            "start_perf": [
                5.0667920112609863,
                0.41456100000000001,
                1.216045,
                228740,
                230424,
                1744023864.1226289,
                12741212613178
            ],
            "Compiled": "Yes",
            "child_modules": {},
            "Compiled Times": 7,
            "nMops": 528,
            "nRouts": 33,
            "svclass": [
                "$vcs_nba_dyn_obj",
                0,
                35,
                2,
                2,
                0,
                "sigprop$$",
                0,
                35,
                2,
                2,
                0,
                "process",
                0,
                200,
                8,
                8,
                0,
                "event",
                0,
                34,
                2,
                2,
                0,
                "mailbox",
                0,
                140,
                9,
                9,
                0,
                "semaphore",
                0,
                84,
                5,
                5,
                0
            ],
            "nQuads": 218
        },
        "sdma_sap_upsample_indicator": {
            "end_perf": [
                5.4120299816131592,
                0.59340899999999996,
                1.299088,
                230684,
                230684,
                12742248334292,
                42949672961,
                0
            ],
            "Compiled": "Yes",
            "start_perf": [
                5.4109811782836914,
                0.59236100000000003,
                1.299088,
                230684,
                230684,
                1744023864.4668181,
                12742245166988
            ],
            "child_modules": {},
            "Compiled Times": 7,
            "nQuads": 115,
            "nRouts": 16,
            "nMops": 518
        },
        "...MASTER...": {
            "end_perf": [
                5.0666670799255371,
                0.41452899999999998,
                1.2159519999999999,
                228740,
                230424,
                12741212284847,
                0,
                0
            ],
            "start_perf": [
                4.9687211513519287,
                0.413352,
                1.2125010000000001,
                228740,
                230424,
                1744023864.0245581,
                12740918477723
            ],
            "child_modules": {
                "std": 1,
                "TB_sdma_top": 1
            },
            "nQuads": 0,
            "nRouts": 5,
            "nMops": 0
        },
        "TB_sdma_top": {
            "end_perf": [
                5.6250290870666504,
                0.80117700000000003,
                1.299088,
                230684,
                230684,
                12742887380246,
                81604378625,
                0
            ],
            "Compiled": "Yes",
            "start_perf": [
                5.444594144821167,
                0.62457200000000002,
                1.299088,
                230684,
                230684,
                1744023864.5004311,
                12742346002895
            ],
            "child_modules": {
                "rram_width_reducer": 2,
                "sdma_wdata_mux": 1,
                "rram_addr_cyc_align": 1,
                "sdma_rdata_mux": 1,
                "sdma_addr_mux": 1,
                "rram_addr_demux": 2,
                "sdma_sap_upsample_indicator": 1,
                "rram_ahb_mem": 1,
                "sdma_sap_padding_indicator": 1,
                "sdma_ready_mux": 1,
                "sdma_data_path": 1
            },
            "Compiled Times": 7,
            "nQuads": 10959,
            "nRouts": 788,
            "nMops": 39138
        },
        "sdma_addr_mux": {
            "end_perf": [
                5.4155921936035156,
                0.59697,
                1.299088,
                230684,
                230684,
                12742259017840,
                51539607553,
                0
            ],
            "Compiled": "Yes",
            "start_perf": [
                5.412053108215332,
                0.59343199999999996,
                1.299088,
                230684,
                230684,
                1744023864.46789,
                12742248381480
            ],
            "child_modules": {},
            "Compiled Times": 7,
            "nQuads": 638,
            "nRouts": 75,
            "nMops": 3283
        },
        "sdma_data_path": {
            "end_perf": [
                5.4059951305389404,
                0.58740099999999995,
                1.2990599999999999,
                230684,
                230684,
                12742230262945,
                30064771073,
                0
            ],
            "start_perf": [
                5.1348171234130859,
                0.42129100000000003,
                1.216045,
                228740,
                230424,
                1744023864.190654,
                12741416678235
            ],
            "Compiled": "Yes",
            "child_modules": {},
            "Compiled Times": 7,
            "nQuads": 8489,
            "significant_routs": [
                [
                    45,
                    "R_VCSgd_gx7jk_2d",
                    143581724,
                    36092,
                    4610
                ],
                [
                    52,
                    "R_VCSgd_gx7jk_34",
                    311624864,
                    11698,
                    1073
                ]
            ],
            "nMops": 27106,
            "nRouts": 241
        },
        "sdma_sap_padding_indicator": {
            "end_perf": [
                5.4109501838684082,
                0.59232799999999997,
                1.299088,
                230684,
                230684,
                12742245114774,
                38654705665,
                0
            ],
            "Compiled": "Yes",
            "start_perf": [
                5.406033992767334,
                0.58741299999999996,
                1.299088,
                230684,
                230684,
                1744023864.4618709,
                12742230329992
            ],
            "child_modules": {},
            "Compiled Times": 7,
            "nQuads": 848,
            "nRouts": 36,
            "nMops": 4637
        },
        "rram_addr_cyc_align": {
            "end_perf": [
                5.4445681571960449,
                0.62454600000000005,
                1.299088,
                230684,
                230684,
                12742345953534,
                77309411329,
                0
            ],
            "Compiled": "Yes",
            "start_perf": [
                5.4432101249694824,
                0.62318899999999999,
                1.299088,
                230684,
                230684,
                1744023864.499047,
                12742341860580
            ],
            "child_modules": {},
            "Compiled Times": 7,
            "nQuads": 143,